{
  "crs_layer0_Wq_r_sigma1": 0.9532366991043091,
  "crs_layer0_Wq_r_effrank": 14.074353218078613,
  "crs_layer0_Wk_r_sigma1": 0.6829389333724976,
  "crs_layer0_Wk_r_effrank": 10.646306037902832,
  "crs_layer0_Wv_r_sigma1": 0.7546603083610535,
  "crs_layer0_Wv_r_effrank": 7.1305084228515625,
  "crs_layer0_Wo_sigma1": 0.8962069749832153,
  "crs_layer0_Wo_effrank": 13.104299545288086,
  "crs_layer0_q_branch_sigma1": 1.1456938982009888,
  "crs_layer0_q_branch_effrank": 3.349412202835083,
  "crs_layer0_k_branch_sigma1": 0.726051926612854,
  "crs_layer0_k_branch_effrank": 3.6984736919403076,
  "crs_layer0_v_branch_sigma1": 0.37371689081192017,
  "crs_layer0_v_branch_effrank": 2.6105244159698486,
  "crs_layer0_mlp_branch_sigma1": 0.3191029131412506,
  "crs_layer0_mlp_branch_effrank": 3.116093635559082,
  "crs_E_sigma1": 8.350951194763184,
  "crs_E_top5ratio": [
    0.0385,
    0.0377,
    0.037,
    0.0367,
    0.0364
  ],
  "final_K_loss": 1.2e-05,
  "final_R_loss": 0.000635,
  "final_loss": 0.000448
}