{
  "config": {
    "config_dir": "../Qwen3-0.6B",
    "checkpoint_root": "../checkpoints",
    "runs": "final-data-setting-b4-u512",
    "checkpoint_step": 1000,
    "output_path": "../experiments/final_data_setting_b4_u512_eval.json",
    "seq_len": 128,
    "num_samples": 512,
    "batch_size": 16,
    "synthetic_block_size": 4,
    "synthetic_num_hierarchy_layers": 2,
    "synthetic_content_token_count": 512,
    "synthetic_num_units_per_layer": 512,
    "synthetic_seed": 0,
    "synthetic_min_token_id": 1,
    "synthetic_sampling_distribution": "zipf",
    "synthetic_zipf_alpha": 1.0,
    "synthetic_zipf_shuffle_ranks": true
  },
  "runs": [
    {
      "run": "final-data-setting-b4-u512",
      "checkpoint": "../checkpoints/final-data-setting-b4-u512/1000.pth",
      "model": {
        "hidden_size": 64,
        "intermediate_size": 128,
        "num_hidden_layers": 2,
        "num_attention_heads": 4,
        "head_dim": 16,
        "use_moe": false
      },
      "metrics": {
        "overall": {
          "loss": 0.5846835803240538,
          "accuracy": 0.8986358642578125,
          "count": 65536
        },
        "inside_local": {
          "loss": 0.1868522035068811,
          "accuracy": 0.9751148700849835,
          "count": 49186
        },
        "local_boundary": {
          "loss": 1.7814869171982513,
          "accuracy": 0.6685626911314985,
          "count": 16350
        },
        "local_boundary_not_high": {
          "loss": 0.8570242791866471,
          "accuracy": 0.8463891796151679,
          "count": 12421
        },
        "high_boundary": {
          "loss": 4.70230070024139,
          "accuracy": 0.10603754439370877,
          "count": 3942
        },
        "inside_high": {
          "loss": 0.32115716169642006,
          "accuracy": 0.9493619508393675,
          "count": 61594
        },
        "position_mod_0": {
          "loss": 0.27244970854371786,
          "accuracy": 0.9520263671875,
          "count": 16384
        },
        "position_mod_1": {
          "loss": 0.14479347551241517,
          "accuracy": 0.9853515625,
          "count": 16384
        },
        "position_mod_2": {
          "loss": 0.13905271352268755,
          "accuracy": 0.98883056640625,
          "count": 16384
        },
        "position_mod_3": {
          "loss": 1.7824384830892086,
          "accuracy": 0.6683349609375,
          "count": 16384
        }
      }
    }
  ]
}