{
  "config": {
    "config_dir": "../Qwen3-0.6B",
    "checkpoint_root": "../checkpoints",
    "runs": "final-data-setting-b4-u256",
    "checkpoint_step": 1000,
    "output_path": "../experiments/final_data_setting_b4_u256_eval.json",
    "seq_len": 128,
    "num_samples": 512,
    "batch_size": 16,
    "synthetic_block_size": 4,
    "synthetic_num_hierarchy_layers": 2,
    "synthetic_content_token_count": 512,
    "synthetic_num_units_per_layer": 256,
    "synthetic_seed": 0,
    "synthetic_min_token_id": 1,
    "synthetic_sampling_distribution": "zipf",
    "synthetic_zipf_alpha": 1.0,
    "synthetic_zipf_shuffle_ranks": true
  },
  "runs": [
    {
      "run": "final-data-setting-b4-u256",
      "checkpoint": "../checkpoints/final-data-setting-b4-u256/1000.pth",
      "model": {
        "hidden_size": 64,
        "intermediate_size": 128,
        "num_hidden_layers": 2,
        "num_attention_heads": 4,
        "head_dim": 16,
        "use_moe": false
      },
      "metrics": {
        "overall": {
          "loss": 0.374859225936234,
          "accuracy": 0.9311370849609375,
          "count": 65536
        },
        "inside_local": {
          "loss": 0.06517675150793323,
          "accuracy": 0.9944692964619765,
          "count": 49180
        },
        "local_boundary": {
          "loss": 1.3060272619816982,
          "accuracy": 0.7407067742724383,
          "count": 16356
        },
        "local_boundary_not_high": {
          "loss": 0.39319093307063635,
          "accuracy": 0.931956940874036,
          "count": 12448
        },
        "high_boundary": {
          "loss": 4.213538501880787,
          "accuracy": 0.13128991060025544,
          "count": 3915
        },
        "inside_high": {
          "loss": 0.13097435759371362,
          "accuracy": 0.9819542039239869,
          "count": 61621
        },
        "position_mod_0": {
          "loss": 0.08848740416578948,
          "accuracy": 0.9862060546875,
          "count": 16384
        },
        "position_mod_1": {
          "loss": 0.05059087497647852,
          "accuracy": 0.99853515625,
          "count": 16384
        },
        "position_mod_2": {
          "loss": 0.053180823335424066,
          "accuracy": 0.99951171875,
          "count": 16384
        },
        "position_mod_3": {
          "loss": 1.3071778267621994,
          "accuracy": 0.74029541015625,
          "count": 16384
        }
      }
    }
  ]
}