{
  "config": {
    "config_dir": "../Qwen3-0.6B",
    "checkpoint_root": "../checkpoints",
    "runs": "harder-data-ref-b8-u256",
    "checkpoint_step": 1000,
    "output_path": "../experiments/harder_data_ref_b8_u256_eval.json",
    "seq_len": 128,
    "num_samples": 512,
    "batch_size": 16,
    "synthetic_block_size": 8,
    "synthetic_num_hierarchy_layers": 2,
    "synthetic_content_token_count": 512,
    "synthetic_num_units_per_layer": 256,
    "synthetic_seed": 0,
    "synthetic_min_token_id": 1,
    "synthetic_sampling_distribution": "zipf",
    "synthetic_zipf_alpha": 1.0,
    "synthetic_zipf_shuffle_ranks": true
  },
  "runs": [
    {
      "run": "harder-data-ref-b8-u256",
      "checkpoint": "../checkpoints/harder-data-ref-b8-u256/1000.pth",
      "model": {
        "hidden_size": 64,
        "intermediate_size": 128,
        "num_hidden_layers": 2,
        "num_attention_heads": 4,
        "head_dim": 16,
        "use_moe": false
      },
      "metrics": {
        "overall": {
          "loss": 0.3191121066920459,
          "accuracy": 0.956756591796875,
          "count": 65536
        },
        "inside_local": {
          "loss": 0.14258753593896428,
          "accuracy": 0.9894516607096155,
          "count": 57355
        },
        "local_boundary": {
          "loss": 1.5566829079419444,
          "accuracy": 0.7275394206087276,
          "count": 8181
        },
        "local_boundary_not_high": {
          "loss": 1.0926125944033007,
          "accuracy": 0.8127689104788342,
          "count": 7205
        },
        "high_boundary": {
          "loss": 4.9799754604971485,
          "accuracy": 0.09815950920245399,
          "count": 978
        },
        "inside_high": {
          "loss": 0.24850390974431422,
          "accuracy": 0.9697636234084079,
          "count": 64558
        },
        "position_mod_0": {
          "loss": 0.2578996531665325,
          "accuracy": 0.965087890625,
          "count": 8192
        },
        "position_mod_1": {
          "loss": 0.14244175469502807,
          "accuracy": 0.990478515625,
          "count": 8192
        },
        "position_mod_2": {
          "loss": 0.13898893631994724,
          "accuracy": 0.990478515625,
          "count": 8192
        },
        "position_mod_3": {
          "loss": 0.11724205408245325,
          "accuracy": 0.9932861328125,
          "count": 8192
        },
        "position_mod_4": {
          "loss": 0.11965614929795265,
          "accuracy": 0.9951171875,
          "count": 8192
        },
        "position_mod_5": {
          "loss": 0.09927450376562774,
          "accuracy": 0.9974365234375,
          "count": 8192
        },
        "position_mod_6": {
          "loss": 0.11769772181287408,
          "accuracy": 0.9954833984375,
          "count": 8192
        },
        "position_mod_7": {
          "loss": 1.559696078300476,
          "accuracy": 0.7266845703125,
          "count": 8192
        }
      }
    }
  ]
}