{
  "crs_layer0_Wq_r_sigma1": 0.9106712341308594,
  "crs_layer0_Wq_r_effrank": 28.97742462158203,
  "crs_layer0_Wk_r_sigma1": 0.6673425436019897,
  "crs_layer0_Wk_r_effrank": 19.542837142944336,
  "crs_layer0_Wv_r_sigma1": 0.7418075799942017,
  "crs_layer0_Wv_r_effrank": 15.599289894104004,
  "crs_layer0_Wo_sigma1": 0.9154918193817139,
  "crs_layer0_Wo_effrank": 25.379467010498047,
  "crs_layer0_q_branch_sigma1": 1.154076099395752,
  "crs_layer0_q_branch_effrank": 6.019913673400879,
  "crs_layer0_k_branch_sigma1": 0.7281783223152161,
  "crs_layer0_k_branch_effrank": 6.441640377044678,
  "crs_layer0_v_branch_sigma1": 0.4673652648925781,
  "crs_layer0_v_branch_effrank": 5.70479679107666,
  "crs_layer0_mlp_branch_sigma1": 0.37368282675743103,
  "crs_layer0_mlp_branch_effrank": 5.604068279266357,
  "crs_E_sigma1": 6.604188919067383,
  "crs_E_top5ratio": [
    0.0219,
    0.0216,
    0.0212,
    0.0207,
    0.0205
  ],
  "final_K_loss": 0.0,
  "final_R_loss": 0.0,
  "final_loss": 0.0
}