{
  "crs_layer0_Wq_r_sigma1": 0.8855445384979248,
  "crs_layer0_Wq_r_effrank": 29.35405731201172,
  "crs_layer0_Wk_r_sigma1": 0.648429811000824,
  "crs_layer0_Wk_r_effrank": 19.204519271850586,
  "crs_layer0_Wv_r_sigma1": 0.7316985726356506,
  "crs_layer0_Wv_r_effrank": 15.277393341064453,
  "crs_layer0_Wo_sigma1": 0.8709872961044312,
  "crs_layer0_Wo_effrank": 25.841768264770508,
  "crs_layer0_q_branch_sigma1": 1.0384399890899658,
  "crs_layer0_q_branch_effrank": 6.884667873382568,
  "crs_layer0_k_branch_sigma1": 0.895415186882019,
  "crs_layer0_k_branch_effrank": 5.836984157562256,
  "crs_layer0_v_branch_sigma1": 0.5242288708686829,
  "crs_layer0_v_branch_effrank": 5.274007797241211,
  "crs_layer0_mlp_branch_sigma1": 0.37926751375198364,
  "crs_layer0_mlp_branch_effrank": 6.076549053192139,
  "crs_E_sigma1": 6.628571510314941,
  "crs_E_top5ratio": [
    0.022,
    0.0219,
    0.0216,
    0.0211,
    0.0209
  ],
  "final_K_loss": 0.0,
  "final_R_loss": 0.0,
  "final_loss": 0.0
}