{
  "crs_layer0_Wq_r_sigma1": 0.8870183825492859,
  "crs_layer0_Wq_r_effrank": 29.64743995666504,
  "crs_layer0_Wk_r_sigma1": 0.6951757073402405,
  "crs_layer0_Wk_r_effrank": 19.180749893188477,
  "crs_layer0_Wv_r_sigma1": 0.7128024101257324,
  "crs_layer0_Wv_r_effrank": 14.144305229187012,
  "crs_layer0_Wo_sigma1": 0.8888677954673767,
  "crs_layer0_Wo_effrank": 25.55984115600586,
  "crs_layer0_q_branch_sigma1": 1.0546436309814453,
  "crs_layer0_q_branch_effrank": 6.784189224243164,
  "crs_layer0_k_branch_sigma1": 1.0550811290740967,
  "crs_layer0_k_branch_effrank": 5.002711772918701,
  "crs_layer0_v_branch_sigma1": 0.5973883271217346,
  "crs_layer0_v_branch_effrank": 5.794900894165039,
  "crs_layer0_mlp_branch_sigma1": 0.3970361053943634,
  "crs_layer0_mlp_branch_effrank": 6.335458755493164,
  "crs_E_sigma1": 6.7262864112854,
  "crs_E_top5ratio": [
    0.0226,
    0.0222,
    0.0215,
    0.0213,
    0.0205
  ],
  "final_K_loss": 0.0,
  "final_R_loss": 0.0,
  "final_loss": 0.0
}