vector,vector_display,layer_head_count,layer_count,head_count,mean_norm_mean,mean_norm_min,mean_norm_p50,mean_norm_max,mean_attention_mass_mean,mean_attention_mass_min,mean_attention_mass_p50,mean_attention_mass_max,mean_token_count_mean,mean_token_count_min,mean_token_count_p50,mean_token_count_max
full,full,6,3,2,0.29981187055780606,0.038645271635196266,0.29775995562339475,0.5944519804076795,0.5379024055510799,0.024473737205162327,0.7535599363751205,0.8676468573088142,573.3333333333334,305.0,656.0,833.0
top0p01,top0.01,6,3,2,1.4870525207273904,1.0646065591242588,1.7184919587649747,1.9518934646752828,0.6081452640686019,0.3306029097305354,0.6111147999686607,0.926181473339916,657.6666666666666,47.0,746.0,983.0
top0p1,top0.1,6,3,2,2.430730563839876,2.0569237509185716,2.3867628657912365,2.9178490333075864,0.42955427531278784,0.028064341085241806,0.3408853013526215,0.9068281475196953,389.0,47.0,406.0,930.0
tail0p9,tail0.9,6,3,2,3.4922238955573452,3.1330222590708736,3.713758058255768,3.8474020795236505,0.5082308680118484,0.14629005627822722,0.5086473853220651,0.8669284508650488,577.3333333333334,148.0,744.0,918.0
tail0p1,tail0.1,6,3,2,4.564912146578418,4.160277867018334,4.688829314672164,4.898058097979016,0.37614401449038787,0.05362540399201976,0.27791320374851547,0.8784192935248216,394.0,21.0,552.0,860.0
