{
  "experiment_name": "single_tail_init_x_pos",
  "final_step": 2000,
  "matrix": "E",
  "final_metrics": {
    "loss": 0.00011531272321008146,
    "acc_all_weighted": 1.0,
    "margin_all_weighted": 9.787927627563477,
    "loss_common": 8.741630153963342e-05,
    "acc_common": 1.0,
    "margin_common": 9.933624267578125,
    "loss_tail1": 0.0003663803217932582,
    "acc_tail1": 1.0,
    "margin_tail1": 8.476655006408691
  },
  "singular_values": [
    9.221177101135254,
    8.292488098144531
  ],
  "sigma1_over_sigma2": 1.1119916439056396,
  "groups": {
    "common": {
      "prob": 0.9,
      "init_center": [
        1.0,
        0.0
      ],
      "centroid": [
        3.2833006381988525,
        -0.16899919509887695
      ],
      "centroid_norm": 3.287647008895874,
      "loss": 8.741630153963342e-05,
      "accuracy": 1.0,
      "margin": 9.933624267578125,
      "cos_to_v1": -0.9895315766334534,
      "cos_to_v2": -0.1443168669939041
    },
    "tail1": {
      "prob": 0.1,
      "init_center": [
        1.0,
        0.0
      ],
      "centroid": [
        -3.818589210510254,
        0.4384213984012604
      ],
      "centroid_norm": 3.843674898147583,
      "loss": 0.0003663803217932582,
      "accuracy": 1.0,
      "margin": 8.476655006408691,
      "cos_to_v1": 0.9966449737548828,
      "cos_to_v2": 0.08184599876403809
    }
  },
  "pairwise_centroid_cosine": {
    "common": {
      "common": 1.0,
      "tail1": -0.9980234503746033
    },
    "tail1": {
      "common": -0.9980234503746033,
      "tail1": 1.0
    }
  }
}