condition,bucket,num_rows,mean_ce_mean,accuracy_mean
flat_uniform,head,96,0.0004908166453737471,1.0
flat_uniform,middle,96,0.005698299133030107,0.9973958333333334
flat_uniform,tail,96,0.0004967699996332916,1.0
flat_zipfian,head,96,0.0004714861599160889,1.0
flat_zipfian,middle,96,0.021850325395604386,0.9902343750000001
flat_zipfian,tail,96,0.005468933008798004,0.997829861111111
hierarchical_zipfian,head,96,0.0010847677772826754,0.9995659722222223
hierarchical_zipfian,middle,96,0.018245273722279704,0.9934895833333334
hierarchical_zipfian,tail,96,0.09199365160076746,0.9735243055555555
