{
  "experiment_name": "tail4_zipf_spread",
  "final_step": 2000,
  "matrix": "E",
  "final_metrics": {
    "loss": 0.0008318850304931402,
    "acc_all_weighted": 1.0,
    "margin_all_weighted": 8.027385711669922,
    "loss_common": 0.00040256805368699133,
    "acc_common": 1.0,
    "margin_common": 8.465669631958008,
    "loss_tail1": 0.0007780541200190783,
    "acc_tail1": 1.0,
    "margin_tail1": 7.784975528717041,
    "loss_tail2": 0.0016248902538791299,
    "acc_tail2": 1.0,
    "margin_tail2": 7.004188537597656,
    "loss_tail3": 0.003116386942565441,
    "acc_tail3": 1.0,
    "margin_tail3": 6.428395748138428,
    "loss_tail4": 0.006246750708669424,
    "acc_tail4": 1.0,
    "margin_tail4": 5.711402893066406
  },
  "singular_values": [
    33.74886703491211,
    29.66335105895996
  ],
  "sigma1_over_sigma2": 1.1377294063568115,
  "groups": {
    "common": {
      "prob": 0.6,
      "init_center": [
        1.0,
        0.0
      ],
      "centroid": [
        5.642568588256836,
        -0.0977265015244484
      ],
      "centroid_norm": 5.6434149742126465,
      "loss": 0.00040256805368699133,
      "accuracy": 1.0,
      "margin": 8.465669631958008,
      "cos_to_v1": -0.9936267733573914,
      "cos_to_v2": 0.11272002011537552
    },
    "tail1": {
      "prob": 0.25,
      "init_center": [
        0.0,
        1.0
      ],
      "centroid": [
        -1.3452829122543335,
        7.51874303817749
      ],
      "centroid_norm": 7.638146877288818,
      "loss": 0.0007780541200190783,
      "accuracy": 1.0,
      "margin": 7.784975528717041,
      "cos_to_v1": 0.0813182070851326,
      "cos_to_v2": -0.996688187122345
    },
    "tail2": {
      "prob": 0.09,
      "init_center": [
        0.0,
        -1.0
      ],
      "centroid": [
        1.5482416152954102,
        -9.710373878479004
      ],
      "centroid_norm": 9.833025932312012,
      "loss": 0.0016248902538791299,
      "accuracy": 1.0,
      "margin": 7.004188537597656,
      "cos_to_v1": -0.06242821738123894,
      "cos_to_v2": 0.9980494976043701
    },
    "tail3": {
      "prob": 0.04,
      "init_center": [
        -1.0,
        0.0
      ],
      "centroid": [
        -12.496787071228027,
        -5.963672637939453
      ],
      "centroid_norm": 13.846843719482422,
      "loss": 0.003116386942565441,
      "accuracy": 1.0,
      "margin": 6.428395748138428,
      "cos_to_v1": 0.9395053386688232,
      "cos_to_v2": 0.3425341546535492
    },
    "tail4": {
      "prob": 0.02,
      "init_center": [
        -0.707,
        0.707
      ],
      "centroid": [
        -11.585453033447266,
        5.053279399871826
      ],
      "centroid_norm": 12.639554977416992,
      "loss": 0.006246750708669424,
      "accuracy": 1.0,
      "margin": 5.711402893066406,
      "cos_to_v1": 0.8742344379425049,
      "cos_to_v2": -0.4855041205883026
    }
  },
  "pairwise_centroid_cosine": {
    "common": {
      "common": 0.9999999403953552,
      "tail1": -0.19314667582511902,
      "tail2": 0.1745305210351944,
      "tail3": -0.8949071764945984,
      "tail4": -0.9233887791633606
    },
    "tail1": {
      "common": -0.19314667582511902,
      "tail1": 0.9999999403953552,
      "tail2": -0.9998207092285156,
      "tail3": -0.2650008201599121,
      "tail4": 0.554987370967865
    },
    "tail2": {
      "common": 0.1745305210351944,
      "tail1": -0.9998207092285156,
      "tail2": 1.0000001192092896,
      "tail3": 0.28321442008018494,
      "tail4": -0.5391340851783752
    },
    "tail3": {
      "common": -0.8949071764945984,
      "tail1": -0.2650008201599121,
      "tail2": 0.28321442008018494,
      "tail3": 1.0,
      "tail4": 0.6550461649894714
    },
    "tail4": {
      "common": -0.9233887791633606,
      "tail1": 0.554987370967865,
      "tail2": -0.5391340851783752,
      "tail3": 0.6550461649894714,
      "tail4": 1.0
    }
  }
}