{
  "final_step": 2000,
  "final_metrics": {
    "loss": 0.0018752198666334152,
    "acc_all_weighted": 1.0,
    "loss_common": 0.0010528976563364267,
    "acc_common": 1.0,
    "margin_common": 7.453938961029053,
    "loss_tail1": 0.0036935051903128624,
    "acc_tail1": 1.0,
    "margin_tail1": 6.201393127441406,
    "loss_tail2": 0.003816778538748622,
    "acc_tail2": 1.0,
    "margin_tail2": 6.182928562164307,
    "loss_tail3": 0.0038716301787644625,
    "acc_tail3": 1.0,
    "margin_tail3": 6.185478210449219
  },
  "singular_values": [
    19.782102584838867,
    18.566312789916992,
    0.0
  ],
  "init_centers": {
    "common": [
      1.0,
      0.0,
      0.0
    ],
    "tail1": [
      -1.0,
      0.0,
      0.0
    ],
    "tail2": [
      -1.0,
      0.0,
      0.0
    ],
    "tail3": [
      -1.0,
      0.0,
      0.0
    ]
  },
  "groups": {
    "common": {
      "prob": 0.7000000000000001,
      "centroid": [
        4.277198791503906,
        -0.03771265223622322,
        0.0
      ],
      "centroid_norm": 4.277365207672119,
      "residual_plane_xy": [
        3.725290298461914e-09,
        0.0
      ],
      "cos_to_common": 1.0,
      "loss": 0.0010528976563364267,
      "accuracy": 1.0,
      "margin": 7.453938961029053
    },
    "tail1": {
      "prob": 0.10000000000000002,
      "centroid": [
        -1.5659589767456055,
        1.401585578918457,
        0.0
      ],
      "centroid_norm": 2.1015875339508057,
      "residual_plane_xy": [
        1.3877243995666504,
        0.0
      ],
      "cos_to_common": -0.7509825229644775,
      "loss": 0.0036935051903128624,
      "accuracy": 1.0,
      "margin": 6.201393127441406
    },
    "tail2": {
      "prob": 0.10000000000000002,
      "centroid": [
        -7.500003814697266,
        0.13232135772705078,
        0.0
      ],
      "centroid_norm": 7.501171112060547,
      "residual_plane_xy": [
        0.0661902129650116,
        0.0
      ],
      "cos_to_common": -0.9999610185623169,
      "loss": 0.003816778538748622,
      "accuracy": 1.0,
      "margin": 6.182928562164307
    },
    "tail3": {
      "prob": 0.10000000000000002,
      "centroid": [
        -4.225066184997559,
        -1.303568720817566,
        0.0
      ],
      "centroid_norm": 4.4215922355651855,
      "residual_plane_xy": [
        -1.340769648551941,
        0.0
      ],
      "cos_to_common": -0.9529164433479309,
      "loss": 0.0038716301787644625,
      "accuracy": 1.0,
      "margin": 6.185478210449219
    }
  },
  "pairwise_centroid_cosine": {
    "common": {
      "common": 1.0,
      "tail1": -0.7509825229644775,
      "tail2": -0.9999610185623169,
      "tail3": -0.9529164433479309
    },
    "tail1": {
      "common": -0.7509825229644775,
      "tail1": 0.9999998807907104,
      "tail2": 0.7567800283432007,
      "tail3": 0.5153928399085999
    },
    "tail2": {
      "common": -0.9999610185623169,
      "tail1": 0.7567800283432007,
      "tail2": 1.0,
      "tail3": 0.9502038955688477
    },
    "tail3": {
      "common": -0.9529164433479309,
      "tail1": 0.5153928399085999,
      "tail2": 0.9502038955688477,
      "tail3": 0.9999998807907104
    }
  },
  "tail_residual_singular_values": [
    1.9296518191023682,
    0.0
  ]
}