{
  "experiment_name": "tail4_uniform_spread",
  "final_step": 2000,
  "matrix": "E",
  "final_metrics": {
    "loss": 0.0007565132691524923,
    "acc_all_weighted": 1.0,
    "margin_all_weighted": 8.001306533813477,
    "loss_common": 0.0003879111318383366,
    "acc_common": 1.0,
    "margin_common": 8.491313934326172,
    "loss_tail1": 0.0013387352228164673,
    "acc_tail1": 1.0,
    "margin_tail1": 7.250948429107666,
    "loss_tail2": 0.0014027436263859272,
    "acc_tail2": 1.0,
    "margin_tail2": 7.1984710693359375,
    "loss_tail3": 0.0013050454435870051,
    "acc_tail3": 1.0,
    "margin_tail3": 7.26128625869751,
    "loss_tail4": 0.0011911410838365555,
    "acc_tail4": 1.0,
    "margin_tail4": 7.3544769287109375
  },
  "singular_values": [
    29.86033058166504,
    27.79336166381836
  ],
  "sigma1_over_sigma2": 1.074369192123413,
  "groups": {
    "common": {
      "prob": 0.6000000000000001,
      "init_center": [
        1.0,
        0.0
      ],
      "centroid": [
        6.127262115478516,
        -0.27079859375953674
      ],
      "centroid_norm": 6.133243560791016,
      "loss": 0.0003879111318383366,
      "accuracy": 1.0,
      "margin": 8.491313934326172,
      "cos_to_v1": -0.5673011541366577,
      "cos_to_v2": -0.8235104084014893
    },
    "tail1": {
      "prob": 0.10000000000000002,
      "init_center": [
        0.0,
        1.0
      ],
      "centroid": [
        3.0611417293548584,
        10.001238822937012
      ],
      "centroid_norm": 10.459223747253418,
      "loss": 0.0013387352228164673,
      "accuracy": 1.0,
      "margin": 7.250948429107666,
      "cos_to_v1": 0.6554032564163208,
      "cos_to_v2": -0.7552792429924011
    },
    "tail2": {
      "prob": 0.10000000000000002,
      "init_center": [
        0.0,
        -1.0
      ],
      "centroid": [
        1.8013559579849243,
        -9.530356407165527
      ],
      "centroid_norm": 9.699101448059082,
      "loss": 0.0014027436263859272,
      "accuracy": 1.0,
      "margin": 7.1984710693359375,
      "cos_to_v1": -0.9315117001533508,
      "cos_to_v2": 0.3637116551399231
    },
    "tail3": {
      "prob": 0.10000000000000002,
      "init_center": [
        -1.0,
        0.0
      ],
      "centroid": [
        -9.292838096618652,
        -4.318063259124756
      ],
      "centroid_norm": 10.24707317352295,
      "loss": 0.0013050454435870051,
      "accuracy": 1.0,
      "margin": 7.26128625869751,
      "cos_to_v1": 0.12375708669424057,
      "cos_to_v2": 0.9923126101493835
    },
    "tail4": {
      "prob": 0.10000000000000002,
      "init_center": [
        -0.707,
        0.707
      ],
      "centroid": [
        -9.810776710510254,
        6.987552642822266
      ],
      "centroid_norm": 12.044801712036133,
      "loss": 0.0011911410838365555,
      "accuracy": 1.0,
      "margin": 7.3544769287109375,
      "cos_to_v1": 0.9238218069076538,
      "cos_to_v2": 0.382822722196579
    }
  },
  "pairwise_centroid_cosine": {
    "common": {
      "common": 1.0,
      "tail1": 0.2501692473888397,
      "tail2": 0.22892729938030243,
      "tail3": -0.8873871564865112,
      "tail4": -0.8393436074256897
    },
    "tail1": {
      "common": 0.2501692473888397,
      "tail1": 1.0000001192092896,
      "tail2": -0.8852195143699646,
      "tail3": -0.6683622002601624,
      "tail4": 0.3163377642631531
    },
    "tail2": {
      "common": 0.22892729938030243,
      "tail1": -0.8852195143699646,
      "tail2": 1.0,
      "tail3": 0.24563448131084442,
      "tail4": -0.7213135957717896
    },
    "tail3": {
      "common": -0.8873871564865112,
      "tail1": -0.6683622002601624,
      "tail2": 0.24563448131084442,
      "tail3": 1.0,
      "tail4": 0.49420925974845886
    },
    "tail4": {
      "common": -0.8393436074256897,
      "tail1": 0.3163377642631531,
      "tail2": -0.7213135957717896,
      "tail3": 0.49420925974845886,
      "tail4": 0.9999998807907104
    }
  }
}