{
  "final_step": 2000,
  "final_metrics": {
    "loss": 0.0023622068110853434,
    "acc_all_weighted": 1.0,
    "loss_common": 0.0013126637786626816,
    "acc_common": 1.0,
    "margin_common": 7.281587600708008,
    "loss_tail1": 0.002850741147994995,
    "acc_tail1": 1.0,
    "margin_tail1": 6.483837127685547,
    "loss_tail2": 0.0063719917088747025,
    "acc_tail2": 1.0,
    "margin_tail2": 5.483940124511719,
    "loss_tail3": 0.014238481409847736,
    "acc_tail3": 1.0,
    "margin_tail3": 4.807716369628906
  },
  "singular_values": [
    26.726097106933594,
    15.853023529052734,
    0.0
  ],
  "init_centers": {
    "common": [
      1.0,
      0.0,
      0.0
    ],
    "tail1": [
      1.0,
      0.0,
      0.0
    ],
    "tail2": [
      1.0,
      0.0,
      0.0
    ],
    "tail3": [
      1.0,
      0.0,
      0.0
    ]
  },
  "groups": {
    "common": {
      "prob": 0.7,
      "centroid": [
        4.999745845794678,
        -0.01816844940185547,
        0.0
      ],
      "centroid_norm": 4.999778747558594,
      "residual_plane_xy": [
        0.0,
        0.0
      ],
      "cos_to_common": 1.0000001192092896,
      "loss": 0.0013126637786626816,
      "accuracy": 1.0,
      "margin": 7.281587600708008
    },
    "tail1": {
      "prob": 0.2,
      "centroid": [
        -5.319127559661865,
        -0.13909363746643066,
        0.0
      ],
      "centroid_norm": 5.320945739746094,
      "residual_plane_xy": [
        -0.15842163562774658,
        0.0
      ],
      "cos_to_common": -0.9995567202568054,
      "loss": 0.002850741147994995,
      "accuracy": 1.0,
      "margin": 6.483837127685547
    },
    "tail2": {
      "prob": 0.07,
      "centroid": [
        -2.0941855907440186,
        3.536724805831909,
        0.0
      ],
      "centroid_norm": 4.110235214233398,
      "residual_plane_xy": [
        3.5290915966033936,
        0.0
      ],
      "cos_to_common": -0.5126285552978516,
      "loss": 0.0063719917088747025,
      "accuracy": 1.0,
      "margin": 5.483940124511719
    },
    "tail3": {
      "prob": 0.03,
      "centroid": [
        1.6598049402236938,
        -4.474867343902588,
        0.0
      ],
      "centroid_norm": 4.772775650024414,
      "residual_plane_xy": [
        -4.468806266784668,
        0.0
      ],
      "cos_to_common": 0.3511699140071869,
      "loss": 0.014238481409847736,
      "accuracy": 1.0,
      "margin": 4.807716369628906
    }
  },
  "pairwise_centroid_cosine": {
    "common": {
      "common": 1.0000001192092896,
      "tail1": -0.9995567202568054,
      "tail2": -0.5126285552978516,
      "tail3": 0.3511699140071869
    },
    "tail1": {
      "common": -0.9995567202568054,
      "tail1": 1.0,
      "tail2": 0.4868376553058624,
      "tail3": -0.32313722372055054
    },
    "tail2": {
      "common": -0.5126285552978516,
      "tail1": 0.4868376553058624,
      "tail2": 1.0000001192092896,
      "tail3": -0.9839468598365784
    },
    "tail3": {
      "common": 0.3511699140071869,
      "tail1": -0.32313722372055054,
      "tail2": -0.9839468598365784,
      "tail3": 1.0000001192092896
    }
  },
  "tail_residual_singular_values": [
    5.661081749971492,
    0.0
  ]
}