{
  "experiment_name": "tail3_uniform_spread",
  "final_step": 2000,
  "matrix": "E",
  "final_metrics": {
    "loss": 0.000418403884395957,
    "acc_all_weighted": 1.0,
    "margin_all_weighted": 8.650732040405273,
    "loss_common": 0.00022353212989401072,
    "acc_common": 1.0,
    "margin_common": 9.079036712646484,
    "loss_tail1": 0.0008612335077486932,
    "acc_tail1": 1.0,
    "margin_tail1": 7.6723175048828125,
    "loss_tail2": 0.0008696504519321024,
    "acc_tail2": 1.0,
    "margin_tail2": 7.670463562011719,
    "loss_tail3": 0.000888429640326649,
    "acc_tail3": 1.0,
    "margin_tail3": 7.6112847328186035
  },
  "singular_values": [
    22.075387954711914,
    20.367469787597656
  ],
  "sigma1_over_sigma2": 1.083855152130127,
  "groups": {
    "common": {
      "prob": 0.7000000000000001,
      "init_center": [
        1.0,
        0.0
      ],
      "centroid": [
        5.159688472747803,
        0.035034339874982834
      ],
      "centroid_norm": 5.1598076820373535,
      "loss": 0.00022353212989401072,
      "accuracy": 1.0,
      "margin": 9.079036712646484,
      "cos_to_v1": -0.03321011736989021,
      "cos_to_v2": -0.9994483590126038
    },
    "tail1": {
      "prob": 0.10000000000000002,
      "init_center": [
        0.0,
        1.0
      ],
      "centroid": [
        -1.3069363832473755,
        8.508362770080566
      ],
      "centroid_norm": 8.608154296875,
      "loss": 0.0008612335077486932,
      "accuracy": 1.0,
      "margin": 7.6723175048828125,
      "cos_to_v1": 0.9936887621879578,
      "cos_to_v2": 0.11217210441827774
    },
    "tail2": {
      "prob": 0.10000000000000002,
      "init_center": [
        0.0,
        -1.0
      ],
      "centroid": [
        -1.1868914365768433,
        -8.474907875061035
      ],
      "centroid_norm": 8.557615280151367,
      "loss": 0.0008696504519321024,
      "accuracy": 1.0,
      "margin": 7.670463562011719,
      "cos_to_v1": -0.9839957356452942,
      "cos_to_v2": 0.178192138671875
    },
    "tail3": {
      "prob": 0.10000000000000002,
      "init_center": [
        -1.0,
        0.0
      ],
      "centroid": [
        -8.482708930969238,
        -0.019807418808341026
      ],
      "centroid_norm": 8.482731819152832,
      "loss": 0.000888429640326649,
      "accuracy": 1.0,
      "margin": 7.6112847328186035,
      "cos_to_v1": 0.037662193179130554,
      "cos_to_v2": 0.9992905855178833
    }
  },
  "pairwise_centroid_cosine": {
    "common": {
      "common": 0.9999999403953552,
      "tail1": -0.14511074125766754,
      "tail2": -0.14541521668434143,
      "tail3": -0.9999900460243225
    },
    "tail1": {
      "common": -0.14511074125766754,
      "tail1": 1.0,
      "tail2": -0.9577972292900085,
      "tail3": 0.1495170146226883
    },
    "tail2": {
      "common": -0.14541521668434143,
      "tail1": -0.9577972292900085,
      "tail2": 1.0,
      "tail3": 0.1410062611103058
    },
    "tail3": {
      "common": -0.9999900460243225,
      "tail1": 0.1495170146226883,
      "tail2": 0.1410062611103058,
      "tail3": 1.0
    }
  }
}