{
  "experiment_name": "tail3_uniform_packed_y_pos",
  "final_step": 2000,
  "matrix": "E",
  "final_metrics": {
    "loss": 0.000360722653567791,
    "acc_all_weighted": 1.0,
    "margin_all_weighted": 8.761012077331543,
    "loss_common": 0.00018924655159935355,
    "acc_common": 1.0,
    "margin_common": 9.182180404663086,
    "loss_tail1": 0.0007730500656180084,
    "acc_tail1": 1.0,
    "margin_tail1": 7.79082727432251,
    "loss_tail2": 0.0007568500004708767,
    "acc_tail2": 1.0,
    "margin_tail2": 7.788166046142578,
    "loss_tail3": 0.000752600550185889,
    "acc_tail3": 1.0,
    "margin_tail3": 7.755857944488525
  },
  "singular_values": [
    25.15497398376465,
    23.52198600769043
  ],
  "sigma1_over_sigma2": 1.0694239139556885,
  "groups": {
    "common": {
      "prob": 0.7000000000000001,
      "init_center": [
        1.0,
        0.0
      ],
      "centroid": [
        3.7269108295440674,
        -2.51261305809021
      ],
      "centroid_norm": 4.494784832000732,
      "loss": 0.00018924655159935355,
      "accuracy": 1.0,
      "margin": 9.182180404663086,
      "cos_to_v1": -0.18667930364608765,
      "cos_to_v2": 0.9824209213256836
    },
    "tail1": {
      "prob": 0.10000000000000002,
      "init_center": [
        0.0,
        1.0
      ],
      "centroid": [
        -1.550276756286621,
        5.72556734085083
      ],
      "centroid_norm": 5.931735038757324,
      "loss": 0.0007730500656180084,
      "accuracy": 1.0,
      "margin": 7.79082727432251,
      "cos_to_v1": -0.501563310623169,
      "cos_to_v2": -0.8651210069656372
    },
    "tail2": {
      "prob": 0.10000000000000002,
      "init_center": [
        0.0,
        1.0
      ],
      "centroid": [
        -4.392629146575928,
        2.532193422317505
      ],
      "centroid_norm": 5.070226192474365,
      "loss": 0.0007568500004708767,
      "accuracy": 1.0,
      "margin": 7.788166046142578,
      "cos_to_v1": 0.2551800012588501,
      "cos_to_v2": -0.9668935537338257
    },
    "tail3": {
      "prob": 0.10000000000000002,
      "init_center": [
        0.0,
        1.0
      ],
      "centroid": [
        -2.6878058910369873,
        4.313111782073975
      ],
      "centroid_norm": 5.082050323486328,
      "loss": 0.000752600550185889,
      "accuracy": 1.0,
      "margin": 7.755857944488525,
      "cos_to_v1": -0.23045526444911957,
      "cos_to_v2": -0.9730829000473022
    }
  },
  "pairwise_centroid_cosine": {
    "common": {
      "common": 0.9999998807907104,
      "tail1": -0.7562814354896545,
      "tail2": -0.9975332617759705,
      "tail3": -0.9129557013511658
    },
    "tail1": {
      "common": -0.7562814354896545,
      "tail1": 0.9999998807907104,
      "tail2": 0.7084909677505493,
      "tail3": 0.9574222564697266
    },
    "tail2": {
      "common": -0.9975332617759705,
      "tail1": 0.7084909677505493,
      "tail2": 1.0000001192092896,
      "tail3": 0.8820599913597107
    },
    "tail3": {
      "common": -0.9129557013511658,
      "tail1": 0.9574222564697266,
      "tail2": 0.8820599913597107,
      "tail3": 0.9999999403953552
    }
  }
}