{
  "baseline_layer0_Wq_sigma1": 0.9918278455734253,
  "baseline_layer0_Wq_effrank": 12.456501960754395,
  "baseline_layer0_Wk_sigma1": 0.9601348042488098,
  "baseline_layer0_Wk_effrank": 7.426934242248535,
  "baseline_layer0_Wv_sigma1": 0.6760565042495728,
  "baseline_layer0_Wv_effrank": 6.592161178588867,
  "baseline_layer0_Wo_sigma1": 0.8443685173988342,
  "baseline_layer0_Wo_effrank": 13.109672546386719,
  "baseline_E_sigma1": 10.702468872070312,
  "baseline_E_top5ratio": [
    0.0374,
    0.0363,
    0.0354,
    0.035,
    0.0345
  ],
  "final_K_loss": 0.0,
  "final_R_loss": 0.0,
  "final_loss": 0.0
}