{
  "experiment_name": "single_tail_init_x_neg",
  "final_step": 2000,
  "matrix": "E",
  "final_metrics": {
    "loss": 7.465311500709504e-05,
    "acc_all_weighted": 1.0,
    "margin_all_weighted": 10.094677925109863,
    "loss_common": 6.158943142509088e-05,
    "acc_common": 1.0,
    "margin_common": 10.219709396362305,
    "loss_tail1": 0.00019222630362492055,
    "acc_tail1": 1.0,
    "margin_tail1": 8.969389915466309
  },
  "singular_values": [
    9.363882064819336,
    8.302684783935547
  ],
  "sigma1_over_sigma2": 1.127813696861267,
  "groups": {
    "common": {
      "prob": 0.9,
      "init_center": [
        1.0,
        0.0
      ],
      "centroid": [
        2.3326570987701416,
        -0.36118707060813904
      ],
      "centroid_norm": 2.3604543209075928,
      "loss": 6.158943142509088e-05,
      "accuracy": 1.0,
      "margin": 10.219709396362305,
      "cos_to_v1": -0.985357940196991,
      "cos_to_v2": 0.1704992800951004
    },
    "tail1": {
      "prob": 0.1,
      "init_center": [
        -1.0,
        0.0
      ],
      "centroid": [
        -4.137510299682617,
        0.49146556854248047
      ],
      "centroid_norm": 4.16659688949585,
      "loss": 0.00019222630362492055,
      "accuracy": 1.0,
      "margin": 8.969389915466309,
      "cos_to_v1": 0.990773618221283,
      "cos_to_v2": -0.13552752137184143
    }
  },
  "pairwise_centroid_cosine": {
    "common": {
      "common": 1.0000001192092896,
      "tail1": -0.9993739128112793
    },
    "tail1": {
      "common": -0.9993739128112793,
      "tail1": 1.0000001192092896
    }
  }
}