{
  "final_step": 2000,
  "final_metrics": {
    "loss": 0.0004280672874301672,
    "acc_all_weighted": 1.0,
    "loss_common": 0.0002878081286326051,
    "acc_common": 1.0,
    "margin_common": 9.246460914611816,
    "loss_tail1": 0.0007431870326399803,
    "acc_tail1": 1.0,
    "margin_tail1": 8.175922393798828,
    "loss_tail2": 0.0008175200200639665,
    "acc_tail2": 1.0,
    "margin_tail2": 8.311135292053223,
    "loss_tail3": 0.0007053087465465069,
    "acc_tail3": 1.0,
    "margin_tail3": 8.403904914855957
  },
  "singular_values": [
    10.261651992797852,
    8.872093200683594,
    8.555574417114258
  ],
  "init_centers": {
    "common": [
      1.0,
      0.0,
      0.0
    ],
    "tail1": [
      0.0,
      1.0,
      0.0
    ],
    "tail2": [
      0.0,
      -1.0,
      0.0
    ],
    "tail3": [
      0.0,
      0.0,
      1.0
    ]
  },
  "groups": {
    "common": {
      "prob": 0.7000000000000001,
      "centroid": [
        2.5937795639038086,
        -0.22889964282512665,
        -0.4242497384548187
      ],
      "centroid_norm": 2.638195514678955,
      "residual_plane_xy": [
        -3.725290298461914e-09,
        0.0
      ],
      "cos_to_common": 1.0,
      "loss": 0.0002878081286326051,
      "accuracy": 1.0,
      "margin": 9.246460914611816
    },
    "tail1": {
      "prob": 0.10000000000000002,
      "centroid": [
        -2.2818663120269775,
        3.0477683544158936,
        -1.4476852416992188
      ],
      "centroid_norm": 4.073278427124023,
      "residual_plane_xy": [
        2.8484013080596924,
        -1.8171985149383545
      ],
      "cos_to_common": -0.5585383176803589,
      "loss": 0.0007431870326399803,
      "accuracy": 1.0,
      "margin": 8.175922393798828
    },
    "tail2": {
      "prob": 0.10000000000000002,
      "centroid": [
        -2.648881673812866,
        -2.846088409423828,
        -1.2300504446029663
      ],
      "centroid_norm": 4.077967166900635,
      "residual_plane_xy": [
        -3.056457757949829,
        -1.6199554204940796
      ],
      "cos_to_common": -0.5295637249946594,
      "loss": 0.0008175200200639665,
      "accuracy": 1.0,
      "margin": 8.311135292053223
    },
    "tail3": {
      "prob": 0.10000000000000002,
      "centroid": [
        -1.5749741792678833,
        0.2529902458190918,
        3.5045554637908936
      ],
      "centroid_norm": 3.8505139350891113,
      "residual_plane_xy": [
        0.09072306752204895,
        3.2038044929504395
      ],
      "cos_to_common": -0.554206132888794,
      "loss": 0.0007053087465465069,
      "accuracy": 1.0,
      "margin": 8.403904914855957
    }
  },
  "pairwise_centroid_cosine": {
    "common": {
      "common": 1.0,
      "tail1": -0.5585383176803589,
      "tail2": -0.5295637249946594,
      "tail3": -0.554206132888794
    },
    "tail1": {
      "common": -0.5585383176803589,
      "tail1": 1.0000001192092896,
      "tail2": -0.051117561757564545,
      "tail3": -0.0451764352619648
    },
    "tail2": {
      "common": -0.5295637249946594,
      "tail1": -0.051117561757564545,
      "tail2": 1.0000001192092896,
      "tail3": -0.05469861254096031
    },
    "tail3": {
      "common": -0.554206132888794,
      "tail1": -0.0451764352619648,
      "tail2": -0.05469861254096031,
      "tail3": 0.9999999403953552
    }
  },
  "tail_residual_singular_values": [
    4.178691700593581,
    4.02121622465339
  ]
}