{
  "experiment_name": "tail4_uniform_packed_x_pos",
  "final_step": 2000,
  "matrix": "E",
  "final_metrics": {
    "loss": 0.0009990811813622713,
    "acc_all_weighted": 1.0,
    "margin_all_weighted": 7.753520488739014,
    "loss_common": 0.00045487843453884125,
    "acc_common": 1.0,
    "margin_common": 8.312682151794434,
    "loss_tail1": 0.0018030785722658038,
    "acc_tail1": 1.0,
    "margin_tail1": 6.906468868255615,
    "loss_tail2": 0.0018079206347465515,
    "acc_tail2": 1.0,
    "margin_tail2": 6.9194512367248535,
    "loss_tail3": 0.0018166062654927373,
    "acc_tail3": 1.0,
    "margin_tail3": 6.88738489151001,
    "loss_tail4": 0.0018339353846386075,
    "acc_tail4": 1.0,
    "margin_tail4": 6.94580602645874
  },
  "singular_values": [
    29.543989181518555,
    28.364059448242188
  ],
  "sigma1_over_sigma2": 1.0415995121002197,
  "groups": {
    "common": {
      "prob": 0.6000000000000001,
      "init_center": [
        1.0,
        0.0
      ],
      "centroid": [
        6.879129886627197,
        -0.22517473995685577
      ],
      "centroid_norm": 6.882814407348633,
      "loss": 0.00045487843453884125,
      "accuracy": 1.0,
      "margin": 8.312682151794434,
      "cos_to_v1": 0.10222417116165161,
      "cos_to_v2": -0.9947613477706909
    },
    "tail1": {
      "prob": 0.10000000000000002,
      "init_center": [
        1.0,
        0.0
      ],
      "centroid": [
        -0.19381888210773468,
        0.20004749298095703
      ],
      "centroid_norm": 0.27854040265083313,
      "loss": 0.0018030785722658038,
      "accuracy": 1.0,
      "margin": 6.906468868255615,
      "cos_to_v1": 0.6179137229919434,
      "cos_to_v2": 0.7862458825111389
    },
    "tail2": {
      "prob": 0.10000000000000002,
      "init_center": [
        1.0,
        0.0
      ],
      "centroid": [
        -8.402993202209473,
        -1.4441356658935547
      ],
      "centroid_norm": 8.526185035705566,
      "loss": 0.0018079206347465515,
      "accuracy": 1.0,
      "margin": 6.9194512367248535,
      "cos_to_v1": -0.30059972405433655,
      "cos_to_v2": 0.9537503719329834
    },
    "tail3": {
      "prob": 0.10000000000000002,
      "init_center": [
        1.0,
        0.0
      ],
      "centroid": [
        -1.860866904258728,
        1.1207704544067383
      ],
      "centroid_norm": 2.1723148822784424,
      "loss": 0.0018166062654927373,
      "accuracy": 1.0,
      "margin": 6.88738489151001,
      "cos_to_v1": 0.39583128690719604,
      "cos_to_v2": 0.918323278427124
    },
    "tail4": {
      "prob": 0.10000000000000002,
      "init_center": [
        1.0,
        0.0
      ],
      "centroid": [
        -3.48219895362854,
        0.7379986643791199
      ],
      "centroid_norm": 3.5595438480377197,
      "loss": 0.0018339353846386075,
      "accuracy": 1.0,
      "margin": 6.94580602645874,
      "cos_to_v1": 0.07365327328443527,
      "cos_to_v2": 0.9972838759422302
    }
  },
  "pairwise_centroid_cosine": {
    "common": {
      "common": 1.0,
      "tail1": -0.7189612984657288,
      "tail2": -0.9794824719429016,
      "tail3": -0.8730490207672119,
      "tail4": -0.9845302700996399
    },
    "tail1": {
      "common": -0.7189612984657288,
      "tail1": 1.0,
      "tail2": 0.5641375780105591,
      "tail3": 0.9666175246238708,
      "tail4": 0.8296217918395996
    },
    "tail2": {
      "common": -0.9794824719429016,
      "tail1": 0.5641375780105591,
      "tail2": 0.9999998807907104,
      "tail3": 0.7568643689155579,
      "tail4": 0.9290197491645813
    },
    "tail3": {
      "common": -0.8730490207672119,
      "tail1": 0.9666175246238708,
      "tail2": 0.7568643689155579,
      "tail3": 1.0,
      "tail4": 0.9449833035469055
    },
    "tail4": {
      "common": -0.9845302700996399,
      "tail1": 0.8296217918395996,
      "tail2": 0.9290197491645813,
      "tail3": 0.9449833035469055,
      "tail4": 1.0
    }
  }
}