{
  "experiment_name": "tail3_zipf_packed_y_pos",
  "final_step": 2000,
  "matrix": "E",
  "final_metrics": {
    "loss": 0.0004991321475245059,
    "acc_all_weighted": 1.0,
    "margin_all_weighted": 8.515458106994629,
    "loss_common": 0.00026135207735933363,
    "acc_common": 1.0,
    "margin_common": 8.863754272460938,
    "loss_tail1": 0.0005957497633062303,
    "acc_tail1": 1.0,
    "margin_tail1": 8.089566230773926,
    "loss_tail2": 0.0013949106214568019,
    "acc_tail2": 1.0,
    "margin_tail2": 7.169090270996094,
    "loss_tail3": 0.0033130673691630363,
    "acc_tail3": 1.0,
    "margin_tail3": 6.369356632232666
  },
  "singular_values": [
    26.287202835083008,
    21.53605842590332
  ],
  "sigma1_over_sigma2": 1.2206134796142578,
  "groups": {
    "common": {
      "prob": 0.7,
      "init_center": [
        1.0,
        0.0
      ],
      "centroid": [
        4.342792987823486,
        -1.3742623329162598
      ],
      "centroid_norm": 4.555046558380127,
      "loss": 0.00026135207735933363,
      "accuracy": 1.0,
      "margin": 8.863754272460938,
      "cos_to_v1": 0.9433512687683105,
      "cos_to_v2": -0.3317956030368805
    },
    "tail1": {
      "prob": 0.2,
      "init_center": [
        0.0,
        1.0
      ],
      "centroid": [
        -1.2131538391113281,
        6.9215874671936035
      ],
      "centroid_norm": 7.027098655700684,
      "loss": 0.0005957497633062303,
      "accuracy": 1.0,
      "margin": 8.089566230773926,
      "cos_to_v1": -0.14130409061908722,
      "cos_to_v2": 0.9899662137031555
    },
    "tail2": {
      "prob": 0.07,
      "init_center": [
        0.0,
        1.0
      ],
      "centroid": [
        -8.40704345703125,
        -3.9215517044067383
      ],
      "centroid_norm": 9.276688575744629,
      "loss": 0.0013949106214568019,
      "accuracy": 1.0,
      "margin": 7.169090270996094,
      "cos_to_v1": -0.9192096590995789,
      "cos_to_v2": -0.39376839995384216
    },
    "tail3": {
      "prob": 0.03,
      "init_center": [
        0.0,
        1.0
      ],
      "centroid": [
        -3.659730911254883,
        -5.346078872680664
      ],
      "centroid_norm": 6.4787492752075195,
      "loss": 0.0033130673691630363,
      "accuracy": 1.0,
      "margin": 6.369356632232666,
      "cos_to_v1": -0.5907763242721558,
      "cos_to_v2": -0.806835412979126
    }
  },
  "pairwise_centroid_cosine": {
    "common": {
      "common": 1.0,
      "tail1": -0.461765855550766,
      "tail2": -0.7364869713783264,
      "tail3": -0.28960514068603516
    },
    "tail1": {
      "common": -0.461765855550766,
      "tail1": 1.0,
      "tail2": -0.2599293291568756,
      "tail3": -0.7152606844902039
    },
    "tail2": {
      "common": -0.7364869713783264,
      "tail1": -0.2599293291568756,
      "tail2": 1.0,
      "tail3": 0.8607535362243652
    },
    "tail3": {
      "common": -0.28960514068603516,
      "tail1": -0.7152606844902039,
      "tail2": 0.8607535362243652,
      "tail3": 0.9999998807907104
    }
  }
}