{
  "experiment_name": "tail3_zipf_spread",
  "final_step": 2000,
  "matrix": "E",
  "final_metrics": {
    "loss": 0.0003886803751811385,
    "acc_all_weighted": 1.0,
    "margin_all_weighted": 8.770711898803711,
    "loss_common": 0.00021189189283177257,
    "acc_common": 1.0,
    "margin_common": 9.133636474609375,
    "loss_tail1": 0.0004764057230204344,
    "acc_tail1": 1.0,
    "margin_tail1": 8.290401458740234,
    "loss_tail2": 0.0011382369557395577,
    "acc_tail2": 1.0,
    "margin_tail2": 7.3835601806640625,
    "loss_tail3": 0.002179944422096014,
    "acc_tail3": 1.0,
    "margin_tail3": 6.741231441497803
  },
  "singular_values": [
    25.059911727905273,
    21.423933029174805
  ],
  "sigma1_over_sigma2": 1.1697157621383667,
  "groups": {
    "common": {
      "prob": 0.7,
      "init_center": [
        1.0,
        0.0
      ],
      "centroid": [
        4.912613868713379,
        0.01482431124895811
      ],
      "centroid_norm": 4.9126362800598145,
      "loss": 0.00021189189283177257,
      "accuracy": 1.0,
      "margin": 9.133636474609375,
      "cos_to_v1": -0.9300934672355652,
      "cos_to_v2": 0.367323100566864
    },
    "tail1": {
      "prob": 0.2,
      "init_center": [
        0.0,
        1.0
      ],
      "centroid": [
        -2.4239137172698975,
        6.355848789215088
      ],
      "centroid_norm": 6.802365303039551,
      "loss": 0.0004764057230204344,
      "accuracy": 1.0,
      "margin": 8.290401458740234,
      "cos_to_v1": -0.014804956503212452,
      "cos_to_v2": -0.9998904466629028
    },
    "tail2": {
      "prob": 0.07,
      "init_center": [
        0.0,
        -1.0
      ],
      "centroid": [
        -1.080008864402771,
        -9.561134338378906
      ],
      "centroid_norm": 9.621938705444336,
      "loss": 0.0011382369557395577,
      "accuracy": 1.0,
      "margin": 7.3835601806640625,
      "cos_to_v1": 0.47206199169158936,
      "cos_to_v2": 0.8815654516220093
    },
    "tail3": {
      "prob": 0.03,
      "init_center": [
        -1.0,
        0.0
      ],
      "centroid": [
        -11.761208534240723,
        -1.8930076360702515
      ],
      "centroid_norm": 11.912577629089355,
      "loss": 0.002179944422096014,
      "accuracy": 1.0,
      "margin": 6.741231441497803,
      "cos_to_v1": 0.9759929180145264,
      "cos_to_v2": -0.21780218183994293
    }
  },
  "pairwise_centroid_cosine": {
    "common": {
      "common": 1.0,
      "tail1": -0.35351282358169556,
      "tail2": -0.11524242162704468,
      "tail3": -0.9877683520317078
    },
    "tail1": {
      "common": -0.35351282358169556,
      "tail1": 0.9999999403953552,
      "tail2": -0.8884575963020325,
      "tail3": 0.20332875847816467
    },
    "tail2": {
      "common": -0.11524242162704468,
      "tail1": -0.8884575963020325,
      "tail2": 1.0000001192092896,
      "tail3": 0.268722265958786
    },
    "tail3": {
      "common": -0.9877683520317078,
      "tail1": 0.20332875847816467,
      "tail2": 0.268722265958786,
      "tail3": 1.0
    }
  }
}