{
  "experiment_name": "tail4_zipf_packed_x_pos",
  "final_step": 2000,
  "matrix": "E",
  "final_metrics": {
    "loss": 0.00121893803589046,
    "acc_all_weighted": 1.0,
    "margin_all_weighted": 7.691931247711182,
    "loss_common": 0.0005490064504556358,
    "acc_common": 1.0,
    "margin_common": 8.15695571899414,
    "loss_tail1": 0.0010838835733011365,
    "acc_tail1": 1.0,
    "margin_tail1": 7.460596561431885,
    "loss_tail2": 0.0024528189096599817,
    "acc_tail2": 1.0,
    "margin_tail2": 6.6094512939453125,
    "loss_tail3": 0.004995190072804689,
    "acc_tail3": 1.0,
    "margin_tail3": 5.87866735458374,
    "loss_tail4": 0.009900099597871304,
    "acc_tail4": 1.0,
    "margin_tail4": 5.130582332611084
  },
  "singular_values": [
    35.004154205322266,
    27.67993927001953
  ],
  "sigma1_over_sigma2": 1.2646037340164185,
  "groups": {
    "common": {
      "prob": 0.6,
      "init_center": [
        1.0,
        0.0
      ],
      "centroid": [
        6.388311862945557,
        -0.5793678164482117
      ],
      "centroid_norm": 6.414529800415039,
      "loss": 0.0005490064504556358,
      "accuracy": 1.0,
      "margin": 8.15695571899414,
      "cos_to_v1": 0.283740758895874,
      "cos_to_v2": 0.958901047706604
    },
    "tail1": {
      "prob": 0.25,
      "init_center": [
        1.0,
        0.0
      ],
      "centroid": [
        3.399390935897827,
        0.40705713629722595
      ],
      "centroid_norm": 3.423675537109375,
      "loss": 0.0010838835733011365,
      "accuracy": 1.0,
      "margin": 7.460596561431885,
      "cos_to_v1": 0.07799255102872849,
      "cos_to_v2": 0.9969539046287537
    },
    "tail2": {
      "prob": 0.09,
      "init_center": [
        1.0,
        0.0
      ],
      "centroid": [
        -8.54151725769043,
        2.301096200942993
      ],
      "centroid_norm": 8.846048355102539,
      "loss": 0.0024528189096599817,
      "accuracy": 1.0,
      "margin": 6.6094512939453125,
      "cos_to_v1": -0.44430848956108093,
      "cos_to_v2": -0.8958737254142761
    },
    "tail3": {
      "prob": 0.04,
      "init_center": [
        1.0,
        0.0
      ],
      "centroid": [
        -9.02829647064209,
        -2.345104932785034
      ],
      "centroid_norm": 9.327897071838379,
      "loss": 0.004995190072804689,
      "accuracy": 1.0,
      "margin": 5.87866735458374,
      "cos_to_v1": 0.05685517564415932,
      "cos_to_v2": -0.9983823895454407
    },
    "tail4": {
      "prob": 0.02,
      "init_center": [
        1.0,
        0.0
      ],
      "centroid": [
        2.8794946670532227,
        -6.310909271240234
      ],
      "centroid_norm": 6.936790466308594,
      "loss": 0.009900099597871304,
      "accuracy": 1.0,
      "margin": 5.130582332611084,
      "cos_to_v1": 0.9734815955162048,
      "cos_to_v2": 0.22876551747322083
    }
  },
  "pairwise_centroid_cosine": {
    "common": {
      "common": 1.0,
      "tail1": 0.9781098365783691,
      "tail2": -0.9851227402687073,
      "tail3": -0.9412178993225098,
      "tail4": 0.49557989835739136
    },
    "tail1": {
      "common": 0.9781098365783691,
      "tail1": 1.0,
      "tail2": -0.9277976155281067,
      "tail3": -0.9909069538116455,
      "tail4": 0.3039930462837219
    },
    "tail2": {
      "common": -0.9851227402687073,
      "tail1": -0.9277976155281067,
      "tail2": 0.9999998807907104,
      "tail3": 0.8691633343696594,
      "tail4": -0.6374712586402893
    },
    "tail3": {
      "common": -0.9412178993225098,
      "tail1": -0.9909069538116455,
      "tail2": 0.8691633343696594,
      "tail3": 0.9999999403953552,
      "tail4": -0.1730480045080185
    },
    "tail4": {
      "common": 0.49557989835739136,
      "tail1": 0.3039930462837219,
      "tail2": -0.6374712586402893,
      "tail3": -0.1730480045080185,
      "tail4": 1.0000001192092896
    }
  }
}