{
  "experiment_name": "tail3_zipf_packed_x_neg",
  "final_step": 2000,
  "matrix": "E",
  "final_metrics": {
    "loss": 0.00036656830343417823,
    "acc_all_weighted": 1.0,
    "margin_all_weighted": 8.82516860961914,
    "loss_common": 0.00019870208052452654,
    "acc_common": 1.0,
    "margin_common": 9.19298267364502,
    "loss_tail1": 0.00045734099694527686,
    "acc_tail1": 1.0,
    "margin_tail1": 8.334918022155762,
    "loss_tail2": 0.0010213287314400077,
    "acc_tail2": 1.0,
    "margin_tail2": 7.448121547698975,
    "loss_tail3": 0.0021505209151655436,
    "acc_tail3": 1.0,
    "margin_tail3": 6.7242608070373535
  },
  "singular_values": [
    26.390644073486328,
    20.21561050415039
  ],
  "sigma1_over_sigma2": 1.305458664894104,
  "groups": {
    "common": {
      "prob": 0.7,
      "init_center": [
        1.0,
        0.0
      ],
      "centroid": [
        4.857787132263184,
        0.34546971321105957
      ],
      "centroid_norm": 4.870055675506592,
      "loss": 0.00019870208052452654,
      "accuracy": 1.0,
      "margin": 9.19298267364502,
      "cos_to_v1": -0.3135848343372345,
      "cos_to_v2": 0.9495602250099182
    },
    "tail1": {
      "prob": 0.2,
      "init_center": [
        -1.0,
        0.0
      ],
      "centroid": [
        -7.493312835693359,
        0.28282037377357483
      ],
      "centroid_norm": 7.498648166656494,
      "loss": 0.00045734099694527686,
      "accuracy": 1.0,
      "margin": 8.334918022155762,
      "cos_to_v1": 0.20869819819927216,
      "cos_to_v2": -0.9779800772666931
    },
    "tail2": {
      "prob": 0.07,
      "init_center": [
        -1.0,
        0.0
      ],
      "centroid": [
        -1.324935793876648,
        -3.492502212524414
      ],
      "centroid_norm": 3.735375165939331,
      "loss": 0.0010213287314400077,
      "accuracy": 1.0,
      "margin": 7.448121547698975,
      "cos_to_v1": 0.9934378862380981,
      "cos_to_v2": -0.11437305063009262
    },
    "tail3": {
      "prob": 0.03,
      "init_center": [
        -1.0,
        0.0
      ],
      "centroid": [
        -1.9112187623977661,
        2.3697216510772705
      ],
      "centroid_norm": 3.0443944931030273,
      "loss": 0.0021505209151655436,
      "accuracy": 1.0,
      "margin": 6.7242608070373535,
      "cos_to_v1": -0.6004997491836548,
      "cos_to_v2": -0.7996249794960022
    }
  },
  "pairwise_centroid_cosine": {
    "common": {
      "common": 1.0000001192092896,
      "tail1": -0.9940956234931946,
      "tail2": -0.4201311767101288,
      "tail3": -0.570984423160553
    },
    "tail1": {
      "common": -0.9940956234931946,
      "tail1": 1.0,
      "tail2": 0.3191832900047302,
      "tail3": 0.6566939949989319
    },
    "tail2": {
      "common": -0.4201311767101288,
      "tail1": 0.3191832900047302,
      "tail2": 0.9999999403953552,
      "tail3": -0.5051036477088928
    },
    "tail3": {
      "common": -0.570984423160553,
      "tail1": 0.6566939949989319,
      "tail2": -0.5051036477088928,
      "tail3": 0.9999998807907104
    }
  }
}