{
  "crs_layer0_Wq_r_sigma1": 0.8819165229797363,
  "crs_layer0_Wq_r_effrank": 15.588125228881836,
  "crs_layer0_Wk_r_sigma1": 0.7069230079650879,
  "crs_layer0_Wk_r_effrank": 10.17851448059082,
  "crs_layer0_Wv_r_sigma1": 0.7805165648460388,
  "crs_layer0_Wv_r_effrank": 7.2852864265441895,
  "crs_layer0_Wo_sigma1": 0.860016405582428,
  "crs_layer0_Wo_effrank": 13.809717178344727,
  "crs_layer0_q_branch_sigma1": 1.0173671245574951,
  "crs_layer0_q_branch_effrank": 3.206695795059204,
  "crs_layer0_k_branch_sigma1": 0.6258410811424255,
  "crs_layer0_k_branch_effrank": 3.3106582164764404,
  "crs_layer0_v_branch_sigma1": 0.39539840817451477,
  "crs_layer0_v_branch_effrank": 2.0587618350982666,
  "crs_layer0_mlp_branch_sigma1": 0.25303882360458374,
  "crs_layer0_mlp_branch_effrank": 2.9695658683776855,
  "crs_E_sigma1": 8.451298713684082,
  "crs_E_top5ratio": [
    0.0386,
    0.0377,
    0.0374,
    0.0366,
    0.0361
  ],
  "final_K_loss": 1.1e-05,
  "final_R_loss": 0.000525,
  "final_loss": 0.000371
}