{
  "experiment_name": "tail3_uniform_packed_x_pos",
  "final_step": 2000,
  "matrix": "E",
  "final_metrics": {
    "loss": 0.0005569730419665575,
    "acc_all_weighted": 1.0,
    "margin_all_weighted": 8.360002517700195,
    "loss_common": 0.00027704364038072526,
    "acc_common": 1.0,
    "margin_common": 8.818793296813965,
    "loss_tail1": 0.0011818966595456004,
    "acc_tail1": 1.0,
    "margin_tail1": 7.273441314697266,
    "loss_tail2": 0.0012068612268194556,
    "acc_tail2": 1.0,
    "margin_tail2": 7.2868475914001465,
    "loss_tail3": 0.001241666846908629,
    "acc_tail3": 1.0,
    "margin_tail3": 7.308187961578369
  },
  "singular_values": [
    22.677675247192383,
    21.522418975830078
  ],
  "sigma1_over_sigma2": 1.0536768436431885,
  "groups": {
    "common": {
      "prob": 0.7000000000000001,
      "init_center": [
        1.0,
        0.0
      ],
      "centroid": [
        5.874858856201172,
        -0.20161287486553192
      ],
      "centroid_norm": 5.878317356109619,
      "loss": 0.00027704364038072526,
      "accuracy": 1.0,
      "margin": 8.818793296813965,
      "cos_to_v1": 0.01601465605199337,
      "cos_to_v2": -0.9998717308044434
    },
    "tail1": {
      "prob": 0.10000000000000002,
      "init_center": [
        1.0,
        0.0
      ],
      "centroid": [
        -0.13508184254169464,
        0.04510815814137459
      ],
      "centroid_norm": 0.14241436123847961,
      "loss": 0.0011818966595456004,
      "accuracy": 1.0,
      "margin": 7.273441314697266,
      "cos_to_v1": 0.2686290740966797,
      "cos_to_v2": 0.9632437825202942
    },
    "tail2": {
      "prob": 0.10000000000000002,
      "init_center": [
        1.0,
        0.0
      ],
      "centroid": [
        -7.277475833892822,
        -0.8036878705024719
      ],
      "centroid_norm": 7.321719169616699,
      "loss": 0.0012068612268194556,
      "accuracy": 1.0,
      "margin": 7.2868475914001465,
      "cos_to_v1": -0.15962332487106323,
      "cos_to_v2": 0.9871779680252075
    },
    "tail3": {
      "prob": 0.10000000000000002,
      "init_center": [
        1.0,
        0.0
      ],
      "centroid": [
        -3.734372138977051,
        1.449196219444275
      ],
      "centroid_norm": 4.005709171295166,
      "loss": 0.001241666846908629,
      "accuracy": 1.0,
      "margin": 7.308187961578369,
      "cos_to_v1": 0.3144332766532898,
      "cos_to_v2": 0.9492795467376709
    }
  },
  "pairwise_centroid_cosine": {
    "common": {
      "common": 1.0,
      "tail1": -0.9588180780410767,
      "tail2": -0.9896076321601868,
      "tail3": -0.944122314453125
    },
    "tail1": {
      "common": -0.9588180780410767,
      "tail1": 1.0,
      "tail2": 0.9080135226249695,
      "tail3": 0.9988533854484558
    },
    "tail2": {
      "common": -0.9896076321601868,
      "tail1": 0.9080135226249695,
      "tail2": 1.0,
      "tail3": 0.8869169354438782
    },
    "tail3": {
      "common": -0.944122314453125,
      "tail1": 0.9988533854484558,
      "tail2": 0.8869169354438782,
      "tail3": 1.0
    }
  }
}