{
  "final_step": 2000,
  "final_metrics": {
    "loss": 0.00039349793223664165,
    "acc_all_weighted": 1.0,
    "loss_common": 0.00026087486185133457,
    "acc_common": 1.0,
    "margin_common": 9.148802757263184,
    "loss_tail1": 0.0004112666065338999,
    "acc_tail1": 1.0,
    "margin_tail1": 8.662245750427246,
    "loss_tail2": 0.0010720273712649941,
    "acc_tail2": 1.0,
    "margin_tail2": 7.593678951263428,
    "loss_tail3": 0.001786343171261251,
    "acc_tail3": 1.0,
    "margin_tail3": 7.404769420623779
  },
  "singular_values": [
    12.025124549865723,
    9.425965309143066,
    9.199932098388672
  ],
  "init_centers": {
    "common": [
      1.0,
      0.0,
      0.0
    ],
    "tail1": [
      0.0,
      1.0,
      0.0
    ],
    "tail2": [
      0.0,
      -1.0,
      0.0
    ],
    "tail3": [
      0.0,
      0.0,
      1.0
    ]
  },
  "groups": {
    "common": {
      "prob": 0.7,
      "centroid": [
        2.3881304264068604,
        -0.2529444992542267,
        -1.02176034450531
      ],
      "centroid_norm": 2.609816551208496,
      "residual_plane_xy": [
        3.725290298461914e-09,
        0.0
      ],
      "cos_to_common": 0.9999999403953552,
      "loss": 0.00026087486185133457,
      "accuracy": 1.0,
      "margin": 9.148802757263184
    },
    "tail1": {
      "prob": 0.2,
      "centroid": [
        -0.8857064247131348,
        2.6106135845184326,
        0.02846759557723999
      ],
      "centroid_norm": 2.7569167613983154,
      "residual_plane_xy": [
        2.5114011764526367,
        -0.3722975254058838
      ],
      "cos_to_common": -0.38979730010032654,
      "loss": 0.0004112666065338999,
      "accuracy": 1.0,
      "margin": 8.662245750427246
    },
    "tail2": {
      "prob": 0.07,
      "centroid": [
        -3.186640977859497,
        -2.932082414627075,
        -0.7568719387054443
      ],
      "centroid_norm": 4.395980358123779,
      "residual_plane_xy": [
        -3.2115540504455566,
        -1.8857879638671875
      ],
      "cos_to_common": -0.5312713980674744,
      "loss": 0.0010720273712649941,
      "accuracy": 1.0,
      "margin": 7.593678951263428
    },
    "tail3": {
      "prob": 0.03,
      "centroid": [
        -3.207533836364746,
        -1.5117692947387695,
        4.96641731262207
      ],
      "centroid_norm": 6.1023783683776855,
      "residual_plane_xy": [
        -1.913634181022644,
        3.3430986404418945
      ],
      "cos_to_common": -0.7755892872810364,
      "loss": 0.001786343171261251,
      "accuracy": 1.0,
      "margin": 7.404769420623779
    }
  },
  "pairwise_centroid_cosine": {
    "common": {
      "common": 0.9999999403953552,
      "tail1": -0.38979730010032654,
      "tail2": -0.5312713980674744,
      "tail3": -0.7755892872810364
    },
    "tail1": {
      "common": -0.38979730010032654,
      "tail1": 0.9999999403953552,
      "tail2": -0.4004877507686615,
      "tail3": -0.057319577783346176
    },
    "tail2": {
      "common": -0.5312713980674744,
      "tail1": -0.4004877507686615,
      "tail2": 0.9999998807907104,
      "tail3": 0.4061349034309387
    },
    "tail3": {
      "common": -0.7755892872810364,
      "tail1": -0.057319577783346176,
      "tail2": 0.4061349034309387,
      "tail3": 1.0
    }
  },
  "tail_residual_singular_values": [
    4.24696072994049,
    3.8010437690935044
  ]
}