{
  "crs_layer0_Wq_r_sigma1": 0.9297245740890503,
  "crs_layer0_Wq_r_effrank": 28.878856658935547,
  "crs_layer0_Wk_r_sigma1": 0.7113056778907776,
  "crs_layer0_Wk_r_effrank": 19.540283203125,
  "crs_layer0_Wv_r_sigma1": 0.6851357817649841,
  "crs_layer0_Wv_r_effrank": 16.58055305480957,
  "crs_layer0_Wo_sigma1": 0.88713538646698,
  "crs_layer0_Wo_effrank": 26.63907814025879,
  "crs_layer0_q_branch_sigma1": 1.0890400409698486,
  "crs_layer0_q_branch_effrank": 6.123045921325684,
  "crs_layer0_k_branch_sigma1": 0.7025385499000549,
  "crs_layer0_k_branch_effrank": 5.941967010498047,
  "crs_layer0_v_branch_sigma1": 0.5478255748748779,
  "crs_layer0_v_branch_effrank": 5.440451145172119,
  "crs_layer0_mlp_branch_sigma1": 0.3755524158477783,
  "crs_layer0_mlp_branch_effrank": 5.331243515014648,
  "crs_E_sigma1": 6.677242755889893,
  "crs_E_top5ratio": [
    0.0224,
    0.0218,
    0.0215,
    0.0212,
    0.021
  ],
  "final_K_loss": 0.0,
  "final_R_loss": 0.0,
  "final_loss": 0.0
}