{
  "final_step": 2000,
  "final_metrics": {
    "loss": 0.0027301304508000612,
    "acc_all_weighted": 1.0,
    "loss_common": 0.00143107445910573,
    "acc_common": 1.0,
    "margin_common": 7.192991733551025,
    "loss_tail1": 0.005731918383389711,
    "acc_tail1": 1.0,
    "margin_tail1": 5.678578853607178,
    "loss_tail2": 0.005874474998563528,
    "acc_tail2": 1.0,
    "margin_tail2": 5.76733922958374,
    "loss_tail3": 0.005677387584000826,
    "acc_tail3": 1.0,
    "margin_tail3": 5.74575662612915
  },
  "singular_values": [
    20.58373260498047,
    18.682491302490234,
    0.0
  ],
  "init_centers": {
    "common": [
      1.0,
      0.0,
      0.0
    ],
    "tail1": [
      1.0,
      0.0,
      0.0
    ],
    "tail2": [
      1.0,
      0.0,
      0.0
    ],
    "tail3": [
      1.0,
      0.0,
      0.0
    ]
  },
  "groups": {
    "common": {
      "prob": 0.7000000000000001,
      "centroid": [
        5.148564338684082,
        -0.11780206114053726,
        0.0
      ],
      "centroid_norm": 5.149911880493164,
      "residual_plane_xy": [
        0.0,
        0.0
      ],
      "cos_to_common": 1.0,
      "loss": 0.00143107445910573,
      "accuracy": 1.0,
      "margin": 7.192991733551025
    },
    "tail1": {
      "prob": 0.10000000000000002,
      "centroid": [
        -3.1895077228546143,
        1.556124210357666,
        0.0
      ],
      "centroid_norm": 3.54887056350708,
      "residual_plane_xy": [
        1.4827582836151123,
        0.0
      ],
      "cos_to_common": -0.9085337519645691,
      "loss": 0.005731918383389711,
      "accuracy": 1.0,
      "margin": 5.678578853607178
    },
    "tail2": {
      "prob": 0.10000000000000002,
      "centroid": [
        -3.4450156688690186,
        -1.0202134847640991,
        0.0
      ],
      "centroid_norm": 3.592905282974243,
      "residual_plane_xy": [
        -1.0987498760223389,
        0.0
      ],
      "cos_to_common": -0.9520922303199768,
      "loss": 0.005874474998563528,
      "accuracy": 1.0,
      "margin": 5.76733922958374
    },
    "tail3": {
      "prob": 0.10000000000000002,
      "centroid": [
        -3.379657030105591,
        -0.2815453112125397,
        0.0
      ],
      "centroid_norm": 3.3913638591766357,
      "residual_plane_xy": [
        -0.3587798774242401,
        0.0
      ],
      "cos_to_common": -0.994388222694397,
      "loss": 0.005677387584000826,
      "accuracy": 1.0,
      "margin": 5.74575662612915
    }
  },
  "pairwise_centroid_cosine": {
    "common": {
      "common": 1.0,
      "tail1": -0.9085337519645691,
      "tail2": -0.9520922303199768,
      "tail3": -0.994388222694397
    },
    "tail1": {
      "common": -0.9085337519645691,
      "tail1": 1.0,
      "tail2": 0.737236738204956,
      "tail3": 0.8592341542243958
    },
    "tail2": {
      "common": -0.9520922303199768,
      "tail1": 0.737236738204956,
      "tail2": 1.0,
      "tail3": 0.9791017770767212
    },
    "tail3": {
      "common": -0.994388222694397,
      "tail1": 0.8592341542243958,
      "tail2": 0.9791017770767212,
      "tail3": 1.0000001192092896
    }
  },
  "tail_residual_singular_values": [
    1.879982515491763,
    0.0
  ]
}