{
  "experiment_name": "tail3_zipf_packed_x_pos",
  "final_step": 2000,
  "matrix": "E",
  "final_metrics": {
    "loss": 0.0004988356959074736,
    "acc_all_weighted": 1.0,
    "margin_all_weighted": 8.49573802947998,
    "loss_common": 0.00026715194690041244,
    "acc_common": 1.0,
    "margin_common": 8.865887641906738,
    "loss_tail1": 0.0006055973935872316,
    "acc_tail1": 1.0,
    "margin_tail1": 8.031116485595703,
    "loss_tail2": 0.0013399161398410797,
    "acc_tail2": 1.0,
    "margin_tail2": 7.059275150299072,
    "loss_tail3": 0.0032305242493748665,
    "acc_tail3": 1.0,
    "margin_tail3": 6.3081488609313965
  },
  "singular_values": [
    27.844406127929688,
    17.957687377929688
  ],
  "sigma1_over_sigma2": 1.5505563020706177,
  "groups": {
    "common": {
      "prob": 0.7,
      "init_center": [
        1.0,
        0.0
      ],
      "centroid": [
        5.761135101318359,
        0.016360441222786903
      ],
      "centroid_norm": 5.761158466339111,
      "loss": 0.00026715194690041244,
      "accuracy": 1.0,
      "margin": 8.865887641906738,
      "cos_to_v1": -0.17190290987491608,
      "cos_to_v2": -0.9851139187812805
    },
    "tail1": {
      "prob": 0.2,
      "init_center": [
        1.0,
        0.0
      ],
      "centroid": [
        -5.95710563659668,
        -0.28053411841392517
      ],
      "centroid_norm": 5.963707447052002,
      "loss": 0.0006055973935872316,
      "accuracy": 1.0,
      "margin": 8.031116485595703,
      "cos_to_v1": 0.12818953394889832,
      "cos_to_v2": 0.9917497038841248
    },
    "tail2": {
      "prob": 0.07,
      "init_center": [
        1.0,
        0.0
      ],
      "centroid": [
        -2.3275482654571533,
        3.5812885761260986
      ],
      "centroid_norm": 4.271195411682129,
      "loss": 0.0013399161398410797,
      "accuracy": 1.0,
      "margin": 7.059275150299072,
      "cos_to_v1": 0.9207812547683716,
      "cos_to_v2": 0.39007923007011414
    },
    "tail3": {
      "prob": 0.03,
      "init_center": [
        1.0,
        0.0
      ],
      "centroid": [
        1.935856819152832,
        -4.603334426879883
      ],
      "centroid_norm": 4.993819236755371,
      "loss": 0.0032305242493748665,
      "accuracy": 1.0,
      "margin": 6.3081488609313965,
      "cos_to_v1": -0.9753531217575073,
      "cos_to_v2": -0.2206498682498932
    }
  },
  "pairwise_centroid_cosine": {
    "common": {
      "common": 0.9999998807907104,
      "tail1": -0.9990224838256836,
      "tail2": -0.542557418346405,
      "tail3": 0.38503125309944153
    },
    "tail1": {
      "common": -0.9990224838256836,
      "tail1": 1.0,
      "tail2": 0.5048953890800476,
      "tail3": -0.34385946393013
    },
    "tail2": {
      "common": -0.542557418346405,
      "tail1": 0.5048953890800476,
      "tail2": 0.9999998807907104,
      "tail3": -0.9841576814651489
    },
    "tail3": {
      "common": 0.38503125309944153,
      "tail1": -0.34385946393013,
      "tail2": -0.9841576814651489,
      "tail3": 0.9999999403953552
    }
  }
}