{
  "crs_layer0_Wq_r_sigma1": 0.9114894270896912,
  "crs_layer0_Wq_r_effrank": 13.259971618652344,
  "crs_layer0_Wk_r_sigma1": 0.6909301280975342,
  "crs_layer0_Wk_r_effrank": 9.60053825378418,
  "crs_layer0_Wv_r_sigma1": 0.6710796356201172,
  "crs_layer0_Wv_r_effrank": 6.836373329162598,
  "crs_layer0_Wo_sigma1": 0.7956940531730652,
  "crs_layer0_Wo_effrank": 12.828298568725586,
  "crs_layer0_q_branch_sigma1": 1.3198522329330444,
  "crs_layer0_q_branch_effrank": 3.228405237197876,
  "crs_layer0_k_branch_sigma1": 0.9341353178024292,
  "crs_layer0_k_branch_effrank": 3.0730345249176025,
  "crs_layer0_v_branch_sigma1": 0.6520771980285645,
  "crs_layer0_v_branch_effrank": 2.513814926147461,
  "crs_layer0_mlp_branch_sigma1": 0.31436318159103394,
  "crs_layer0_mlp_branch_effrank": 3.38777232170105,
  "crs_E_sigma1": 8.375895500183105,
  "crs_E_top5ratio": [
    0.0389,
    0.0379,
    0.0376,
    0.0369,
    0.0365
  ],
  "final_K_loss": 1.1e-05,
  "final_R_loss": 0.000653,
  "final_loss": 0.000461
}