{
  "experiment_name": "tail3_uniform_packed_x_neg",
  "final_step": 2000,
  "matrix": "E",
  "final_metrics": {
    "loss": 0.000357512675691396,
    "acc_all_weighted": 1.0,
    "margin_all_weighted": 8.759220123291016,
    "loss_common": 0.00019389495719224215,
    "acc_common": 1.0,
    "margin_common": 9.159575462341309,
    "loss_tail1": 0.0007336617563851178,
    "acc_tail1": 1.0,
    "margin_tail1": 7.835042476654053,
    "loss_tail2": 0.0007463686633855104,
    "acc_tail2": 1.0,
    "margin_tail2": 7.8091559410095215,
    "loss_tail3": 0.0007378314039669931,
    "acc_tail3": 1.0,
    "margin_tail3": 7.830966949462891
  },
  "singular_values": [
    23.707448959350586,
    20.503826141357422
  ],
  "sigma1_over_sigma2": 1.1562451124191284,
  "groups": {
    "common": {
      "prob": 0.7000000000000001,
      "init_center": [
        1.0,
        0.0
      ],
      "centroid": [
        4.851629734039307,
        0.021530866622924805
      ],
      "centroid_norm": 4.851677417755127,
      "loss": 0.00019389495719224215,
      "accuracy": 1.0,
      "margin": 9.159575462341309,
      "cos_to_v1": -0.9996694922447205,
      "cos_to_v2": 0.02570718713104725
    },
    "tail1": {
      "prob": 0.10000000000000002,
      "init_center": [
        -1.0,
        0.0
      ],
      "centroid": [
        -3.259141206741333,
        -1.6624598503112793
      ],
      "centroid_norm": 3.6586575508117676,
      "loss": 0.0007336617563851178,
      "accuracy": 1.0,
      "margin": 7.835042476654053,
      "cos_to_v1": 0.9040945172309875,
      "cos_to_v2": 0.42733249068260193
    },
    "tail2": {
      "prob": 0.10000000000000002,
      "init_center": [
        -1.0,
        0.0
      ],
      "centroid": [
        -8.255223274230957,
        -0.0003790855407714844
      ],
      "centroid_norm": 8.255223274230957,
      "loss": 0.0007463686633855104,
      "accuracy": 1.0,
      "margin": 7.8091559410095215,
      "cos_to_v1": 0.9995469450950623,
      "cos_to_v2": -0.030097385868430138
    },
    "tail3": {
      "prob": 0.10000000000000002,
      "init_center": [
        -1.0,
        0.0
      ],
      "centroid": [
        -3.1182432174682617,
        1.633682370185852
      ],
      "centroid_norm": 3.520278215408325,
      "loss": 0.0007378314039669931,
      "accuracy": 1.0,
      "margin": 7.830966949462891,
      "cos_to_v1": 0.871403157711029,
      "cos_to_v2": -0.49056750535964966
    }
  },
  "pairwise_centroid_cosine": {
    "common": {
      "common": 1.0,
      "tail1": -0.8928102254867554,
      "tail2": -0.9999904036521912,
      "tail3": -0.8837264180183411
    },
    "tail1": {
      "common": -0.8928102254867554,
      "tail1": 1.0,
      "tail2": 0.8908233046531677,
      "tail3": 0.5781953930854797
    },
    "tail2": {
      "common": -0.9999904036521912,
      "tail1": 0.8908233046531677,
      "tail2": 1.0,
      "tail3": 0.885773241519928
    },
    "tail3": {
      "common": -0.8837264180183411,
      "tail1": 0.5781953930854797,
      "tail2": 0.885773241519928,
      "tail3": 1.0
    }
  }
}